/*
SQLyog v10.2 
MySQL - 5.5.40 : Database - pinyougoudb
*********************************************************************
*/

/*!40101 SET NAMES utf8 */;

/*!40101 SET SQL_MODE=''*/;

/*!40014 SET @OLD_UNIQUE_CHECKS=@@UNIQUE_CHECKS, UNIQUE_CHECKS=0 */;
/*!40014 SET @OLD_FOREIGN_KEY_CHECKS=@@FOREIGN_KEY_CHECKS, FOREIGN_KEY_CHECKS=0 */;
/*!40101 SET @OLD_SQL_MODE=@@SQL_MODE, SQL_MODE='NO_AUTO_VALUE_ON_ZERO' */;
/*!40111 SET @OLD_SQL_NOTES=@@SQL_NOTES, SQL_NOTES=0 */;
CREATE DATABASE /*!32312 IF NOT EXISTS*/`order_db` /*!40100 DEFAULT CHARACTER SET utf8 */;

USE `order_db`;


/*Table structure for table `tb_order_item` */

DROP TABLE IF EXISTS `tb_order_item`;

CREATE TABLE `tb_order_item` (
  `id` bigint(20) NOT NULL,
  `item_id` bigint(20) NOT NULL COMMENT 'SKU_ID',
  `goods_id` bigint(20) DEFAULT NULL COMMENT 'SPU_ID',
  `order_id` bigint(20) NOT NULL COMMENT '订单id',
  `title` varchar(200) COLLATE utf8_bin DEFAULT NULL COMMENT '商品标题',
  `price` decimal(20,2) DEFAULT NULL COMMENT '商品单价',
  `num` int(10) DEFAULT NULL COMMENT '商品购买数量',
  `total_fee` decimal(20,2) DEFAULT NULL COMMENT '商品总金额',
  `pic_path` varchar(200) COLLATE utf8_bin DEFAULT NULL COMMENT '商品图片地址',
  `seller_id` varchar(100) COLLATE utf8_bin DEFAULT NULL,
  PRIMARY KEY (`id`),
  KEY `item_id` (`item_id`),
  KEY `order_id` (`order_id`)
) ENGINE=InnoDB DEFAULT CHARSET=utf8 COLLATE=utf8_bin;

/*Data for the table `tb_order_item` */

insert  into `tb_order_item`(`id`,`item_id`,`goods_id`,`order_id`,`title`,`price`,`num`,`total_fee`,`pic_path`,`seller_id`) values (1,19,149187842867954,3,'3G 6','1.00',3,'3.00',NULL,'qiandu'),(2,18,149187842867952,4,'3G 6','88.88',3,'266.64',NULL,'qiandu'),(3,17,149187842867952,5,'3G 5.5','99.99',3,'299.97',NULL,'qiandu'),(4,19,149187842867954,6,'3G 6','1.00',3,'3.00',NULL,'qiandu'),(5,18,149187842867952,7,'3G 6','88.88',3,'266.64',NULL,'qiandu'),(6,17,149187842867952,8,'3G 5.5','99.99',3,'299.97',NULL,'qiandu'),(7,19,149187842867954,9,'3G 6','1.00',3,'3.00',NULL,'qiandu'),(8,18,149187842867952,10,'3G 6','88.88',3,'266.64',NULL,'qiandu'),(9,17,149187842867952,11,'3G 5.5','99.99',3,'299.97',NULL,'qiandu'),(10,19,149187842867954,12,'3G 6','1.00',3,'3.00',NULL,'qiandu'),(11,18,149187842867952,13,'3G 6','88.88',3,'266.64',NULL,'yijia'),(12,17,149187842867952,14,'3G 5.5','99.99',3,'299.97',NULL,'yijia'),(13,19,149187842867954,15,'3G 6','1.00',3,'3.00',NULL,'qiandu'),(14,18,149187842867952,16,'3G 6','88.88',3,'266.64',NULL,'yijia'),(15,17,149187842867952,17,'3G 5.5','99.99',3,'299.97',NULL,'yijia'),(16,18,149187842867952,18,'高端皮具护理 联通3G 6寸','88.88',2,'177.76',NULL,'yijia'),(17,19,149187842867954,19,'3G 6','1.00',2,'2.00',NULL,'qiandu'),(18,18,149187842867952,20,'3G 6','88.88',2,'177.76',NULL,'yijia'),(19,18,149187842867952,21,'高端皮具护理 联通3G 6寸','88.88',2,'177.76',NULL,'yijia'),(20,19,149187842867954,22,'3G 6','1.00',2,'2.00',NULL,'qiandu'),(21,18,149187842867952,23,'3G 6','88.88',2,'177.76',NULL,'yijia'),(22,19,149187842867954,24,'古董 移动3G 6寸','1.00',2,'2.00',NULL,'qiandu'),(23,19,149187842867954,25,'古董 移动3G 6寸','1.00',1,'1.00',NULL,'qiandu'),(24,19,149187842867954,26,'古董 移动3G 6寸','0.01',1,'0.01',NULL,'qiandu'),(25,19,149187842867954,27,'古董 移动3G 6寸','0.01',1,'0.01',NULL,'qiandu'),(26,19,149187842867954,28,'3G 6','0.01',1,'0.01',NULL,'qiandu'),(27,19,149187842867954,29,'古董 移动3G 6寸','0.01',1,'0.01',NULL,'qiandu'),(28,19,149187842867954,30,'古董 移动3G 6寸','0.01',1,'0.01',NULL,'qiandu'),(29,18,149187842867952,31,'高端皮具护理 联通3G 6寸','0.02',1,'0.02',NULL,'yijia'),(30,18,149187842867952,32,'高端皮具护理 联通3G 6寸','0.02',1,'0.02',NULL,'yijia'),(31,19,149187842867954,33,'古董 移动3G 6寸','0.01',1,'0.01',NULL,'qiandu'),(32,19,149187842867954,34,'古董 移动3G 6寸','0.01',1,'0.01',NULL,'qiandu'),(33,19,149187842867954,35,'古董 移动3G 6寸','0.01',1,'0.01',NULL,'qiandu'),(34,19,149187842867954,36,'古董 移动3G 6寸','0.01',1,'0.01',NULL,'qiandu'),(35,19,149187842867954,37,'古董 移动3G 6寸','0.01',1,'0.01',NULL,'qiandu'),(36,18,149187842867952,38,'高端皮具护理 联通3G 6寸','0.02',1,'0.02',NULL,'yijia'),(918159799198212097,1369280,149187842867960,918159799198212096,'精品半身裙（秋款打折） 移动3G 16G','200.00',2,'400.00','http://192.168.25.133/group1/M00/00/00/wKgZhVnGbYuAO6AHAAjlKdWCzvg253.jpg','qiandu'),(918334996291301377,1369280,149187842867960,918334996291301376,'精品半身裙（秋款打折） 移动3G 16G','200.00',8,'1600.00','http://192.168.25.133/group1/M00/00/00/wKgZhVnGbYuAO6AHAAjlKdWCzvg253.jpg','qiandu'),(918334996622651392,1369281,149187842867960,918334996291301376,'精品半身裙（秋款打折） 移动3G 32G','202.00',2,'404.00','http://192.168.25.133/group1/M00/00/00/wKgZhVnGbYuAO6AHAAjlKdWCzvg253.jpg','qiandu'),(918334996698148865,1369278,1,918334996698148864,'【联通合约惠机】小米 红米Note 增强版 象牙白 联通4G手机','899.00',2,'1798.00','http://img12.360buyimg.com/n1/s450x450_jfs/t3034/299/2060854617/119711/577e85cb/57d11b6cN1fd1194d.jpg','yijia'),(918773289399160833,1369280,149187842867960,918773289399160832,'精品半身裙（秋款打折） 移动3G 16G','200.00',1,'200.00','http://192.168.25.133/group1/M00/00/00/wKgZhVnGbYuAO6AHAAjlKdWCzvg253.jpg','qiandu'),(918780408353546241,1369280,149187842867960,918780408353546240,'精品半身裙（秋款打折） 移动3G 16G','0.01',1,'0.01','http://192.168.25.133/group1/M00/00/00/wKgZhVnGbYuAO6AHAAjlKdWCzvg253.jpg','qiandu'),(918806410454654977,1369280,149187842867960,918806410454654976,'精品半身裙（秋款打折） 移动3G 16G','0.01',1,'0.01','http://192.168.25.133/group1/M00/00/00/wKgZhVnGbYuAO6AHAAjlKdWCzvg253.jpg','qiandu'),(918833485639081985,1369280,149187842867960,918833485639081984,'精品半身裙（秋款打折） 移动3G 16G','0.01',1,'0.01','http://192.168.25.133/group1/M00/00/00/wKgZhVnGbYuAO6AHAAjlKdWCzvg253.jpg','qiandu'),(918835712441212929,1369280,149187842867960,918835712441212928,'精品半身裙（秋款打折） 移动3G 16G','0.01',1,'0.01','http://192.168.25.133/group1/M00/00/00/wKgZhVnGbYuAO6AHAAjlKdWCzvg253.jpg','qiandu'),(919055624854081537,1369280,149187842867960,919055624854081536,'精品半身裙（秋款打折） 移动3G 16G','0.01',1,'0.01','http://192.168.25.133/group1/M00/00/00/wKgZhVnGbYuAO6AHAAjlKdWCzvg253.jpg','qiandu'),(919059760869863425,1369280,149187842867960,919059760869863424,'精品半身裙（秋款打折） 移动3G 16G','0.01',2,'0.02','http://192.168.25.133/group1/M00/00/00/wKgZhVnGbYuAO6AHAAjlKdWCzvg253.jpg','qiandu'),(992190237968957441,1369282,149187842867960,992190237968957440,'精品半身裙（秋款打折） 移动4G 16G','0.03',5,'0.15','http://192.168.25.133/group1/M00/00/00/wKgZhVnGbYuAO6AHAAjlKdWCzvg253.jpg','qiandu'),(992190238262558720,1369281,149187842867960,992190237968957440,'精品半身裙（秋款打折） 移动3G 32G','0.02',1,'0.02','http://192.168.25.133/group1/M00/00/00/wKgZhVnGbYuAO6AHAAjlKdWCzvg253.jpg','qiandu'),(992190947183820801,1369281,149187842867960,992190947183820800,'精品半身裙（秋款打折） 移动3G 32G','0.02',1,'0.02','http://192.168.25.133/group1/M00/00/00/wKgZhVnGbYuAO6AHAAjlKdWCzvg253.jpg','qiandu'),(992191916919488513,1369280,149187842867960,992191916919488512,'精品半身裙（秋款打折） 移动3G 16G','0.01',1,'0.01','http://192.168.25.133/group1/M00/00/00/wKgZhVnGbYuAO6AHAAjlKdWCzvg253.jpg','qiandu'),(992192064319913985,1369280,149187842867960,992192064319913984,'精品半身裙（秋款打折） 移动3G 16G','0.01',1,'0.01','http://192.168.25.133/group1/M00/00/00/wKgZhVnGbYuAO6AHAAjlKdWCzvg253.jpg','qiandu'),(992193598722146305,1369280,149187842867960,992193598722146304,'精品半身裙（秋款打折） 移动3G 16G','0.01',1,'0.01','http://192.168.25.133/group1/M00/00/00/wKgZhVnGbYuAO6AHAAjlKdWCzvg253.jpg','qiandu'),(992194631628226561,1369280,149187842867960,992194631628226560,'精品半身裙（秋款打折） 移动3G 16G','0.01',1,'0.01','http://192.168.25.133/group1/M00/00/00/wKgZhVnGbYuAO6AHAAjlKdWCzvg253.jpg','qiandu'),(992195664538501121,1369280,149187842867960,992195664538501120,'精品半身裙（秋款打折） 移动3G 16G','0.01',1,'0.01','http://192.168.25.133/group1/M00/00/00/wKgZhVnGbYuAO6AHAAjlKdWCzvg253.jpg','qiandu'),(992196116772552705,1369280,149187842867960,992196116772552704,'精品半身裙（秋款打折） 移动3G 16G','0.01',1,'0.01','http://192.168.25.133/group1/M00/00/00/wKgZhVnGbYuAO6AHAAjlKdWCzvg253.jpg','qiandu'),(992196968627306497,1369280,149187842867960,992196968627306496,'精品半身裙（秋款打折） 移动3G 16G','0.01',1,'0.01','http://192.168.25.133/group1/M00/00/00/wKgZhVnGbYuAO6AHAAjlKdWCzvg253.jpg','qiandu'),(992197105567137793,1369280,149187842867960,992197105567137792,'精品半身裙（秋款打折） 移动3G 16G','0.01',1,'0.01','http://192.168.25.133/group1/M00/00/00/wKgZhVnGbYuAO6AHAAjlKdWCzvg253.jpg','qiandu'),(992197263067447297,1369280,149187842867960,992197263067447296,'精品半身裙（秋款打折） 移动3G 16G','0.01',1,'0.01','http://192.168.25.133/group1/M00/00/00/wKgZhVnGbYuAO6AHAAjlKdWCzvg253.jpg','qiandu'),(992554565456887809,1369280,149187842867960,992554565456887808,'精品半身裙（秋款打折） 移动3G 16G','0.01',2,'0.02','http://192.168.25.133/group1/M00/00/00/wKgZhVnGbYuAO6AHAAjlKdWCzvg253.jpg','qiandu'),(992571196308455425,1369280,149187842867960,992571196308455424,'精品半身裙（秋款打折） 移动3G 16G','0.01',2,'0.02','http://192.168.25.133/group1/M00/00/00/wKgZhVnGbYuAO6AHAAjlKdWCzvg253.jpg','qiandu'),(992578873906429953,1369280,149187842867960,992578873906429952,'精品半身裙（秋款打折） 移动3G 16G','0.01',1,'0.01','http://192.168.25.133/group1/M00/00/00/wKgZhVnGbYuAO6AHAAjlKdWCzvg253.jpg','qiandu'),(992605539282190337,1369282,149187842867960,992605539282190336,'精品半身裙（秋款打折） 移动4G 16G','0.03',1,'0.03','http://192.168.25.133/group1/M00/00/00/wKgZhVnGbYuAO6AHAAjlKdWCzvg253.jpg','qiandu'),(1014520479974686721,1369335,149187842867976,1014520479974686720,'Oppo Find X 电信4G 64G','9999.00',17,'169983.00','http://192.168.142.146/group1/M00/00/04/wKiOklsw0HKANpYTAAGpceqxxyo899.jpg','alibaba'),(1014520480213762048,1369336,149187842867976,1014520479974686720,'Oppo Find X 电信4G 128G','10999.00',1,'10999.00','http://192.168.142.146/group1/M00/00/04/wKiOklsw0HKANpYTAAGpceqxxyo899.jpg','alibaba'),(1014520480222150656,1369337,149187842867976,1014520479974686720,'Oppo Find X 移动3G 64G','9999.00',3,'29997.00','http://192.168.142.146/group1/M00/00/04/wKiOklsw0HKANpYTAAGpceqxxyo899.jpg','alibaba'),(1014521147812741121,1369335,149187842867976,1014521147812741120,'Oppo Find X 电信4G 64G','9999.00',2,'19998.00','http://192.168.142.146/group1/M00/00/04/wKiOklsw0HKANpYTAAGpceqxxyo899.jpg','alibaba'),(1014521147821129728,1369338,149187842867976,1014521147812741120,'Oppo Find X 移动3G 128G','10999.00',1,'10999.00','http://192.168.142.146/group1/M00/00/04/wKiOklsw0HKANpYTAAGpceqxxyo899.jpg','alibaba'),(1014662090398367744,1369335,149187842867976,1014662090394173440,'Oppo Find X 电信4G 64G','9999.00',17,'169983.00','http://192.168.142.146/group1/M00/00/04/wKiOklsw0HKANpYTAAGpceqxxyo899.jpg','alibaba'),(1014662090658414592,1369336,149187842867976,1014662090394173440,'Oppo Find X 电信4G 128G','10999.00',1,'10999.00','http://192.168.142.146/group1/M00/00/04/wKiOklsw0HKANpYTAAGpceqxxyo899.jpg','alibaba'),(1014662090666803200,1369337,149187842867976,1014662090394173440,'Oppo Find X 移动3G 64G','9999.00',3,'29997.00','http://192.168.142.146/group1/M00/00/04/wKiOklsw0HKANpYTAAGpceqxxyo899.jpg','alibaba'),(1014662230521675777,1369336,149187842867976,1014662230521675776,'Oppo Find X 电信4G 128G','10999.00',1,'10999.00','http://192.168.142.146/group1/M00/00/04/wKiOklsw0HKANpYTAAGpceqxxyo899.jpg','alibaba'),(1014758767025192961,1369335,149187842867976,1014758767025192960,'Oppo Find X 电信4G 64G','9999.00',1,'9999.00','http://192.168.142.146/group1/M00/00/04/wKiOklsw0HKANpYTAAGpceqxxyo899.jpg','alibaba'),(1014759021959184385,1369335,149187842867976,1014759021959184384,'Oppo Find X 电信4G 64G','9999.00',1,'9999.00','http://192.168.142.146/group1/M00/00/04/wKiOklsw0HKANpYTAAGpceqxxyo899.jpg','alibaba'),(1014766375664615425,1369335,149187842867976,1014766375664615424,'Oppo Find X 电信4G 64G','9999.00',3,'29997.00','http://192.168.142.146/group1/M00/00/04/wKiOklsw0HKANpYTAAGpceqxxyo899.jpg','alibaba'),(1014766375907885056,1369336,149187842867976,1014766375664615424,'Oppo Find X 电信4G 128G','10999.00',1,'10999.00','http://192.168.142.146/group1/M00/00/04/wKiOklsw0HKANpYTAAGpceqxxyo899.jpg','alibaba'),(1014767824171696129,1369336,149187842867976,1014767824171696128,'Oppo Find X 电信4G 128G','10999.00',2,'21998.00','http://192.168.142.146/group1/M00/00/04/wKiOklsw0HKANpYTAAGpceqxxyo899.jpg','alibaba'),(1014767824180084736,1369337,149187842867976,1014767824171696128,'Oppo Find X 移动3G 64G','9999.00',2,'19998.00','http://192.168.142.146/group1/M00/00/04/wKiOklsw0HKANpYTAAGpceqxxyo899.jpg','alibaba'),(1014768969367683073,1369336,149187842867976,1014768969367683072,'Oppo Find X 电信4G 128G','10999.00',3,'32997.00','http://192.168.142.146/group1/M00/00/04/wKiOklsw0HKANpYTAAGpceqxxyo899.jpg','alibaba'),(1014768969380265984,1369337,149187842867976,1014768969367683072,'Oppo Find X 移动3G 64G','9999.00',3,'29997.00','http://192.168.142.146/group1/M00/00/04/wKiOklsw0HKANpYTAAGpceqxxyo899.jpg','alibaba'),(1105055661751795713,1369335,149187842867976,1105055661751795712,'Oppo Find X 电信4G 64G','9999.00',1,'9999.00','http://192.168.142.146/group1/M00/00/04/wKiOklsw0HKANpYTAAGpceqxxyo899.jpg','alibaba'),(1149692937240576001,1369282,149187842867960,1149692937240576000,'精品半身裙（秋款打折） 移动4G 16G','0.03',1,'0.03','http://192.168.192.132/group1/M00/00/04/wKiOklsnFQyAbyq_AAEMfD4pHs0994.png','qiandu');

/*Table structure for table `tb_order_master` */

DROP TABLE IF EXISTS `tb_order_master`;

CREATE TABLE `tb_order_master` (
  `order_id` bigint(20) NOT NULL COMMENT '订单id',
  `payment` decimal(20,2) DEFAULT NULL COMMENT '实付金额。精确到2位小数;单位:元。如:200.07，表示:200元7分',
  `payment_type` varchar(1) COLLATE utf8_bin DEFAULT NULL COMMENT '支付类型，1、在线支付，2、货到付款',
  `post_fee` varchar(50) COLLATE utf8_bin DEFAULT NULL COMMENT '邮费。精确到2位小数;单位:元。如:200.07，表示:200元7分',
  `status` varchar(1) COLLATE utf8_bin DEFAULT NULL COMMENT '状态：1、未付款，2、已付款，3、未发货，4、已发货，5、交易成功，6、交易关闭,7、待评价',
  `create_time` datetime DEFAULT NULL COMMENT '订单创建时间',
  `update_time` datetime DEFAULT NULL COMMENT '订单更新时间',
  `payment_time` datetime DEFAULT NULL COMMENT '付款时间',
  `consign_time` datetime DEFAULT NULL COMMENT '发货时间',
  `end_time` datetime DEFAULT NULL COMMENT '交易完成时间',
  `close_time` datetime DEFAULT NULL COMMENT '交易关闭时间',
  `shipping_name` varchar(20) COLLATE utf8_bin DEFAULT NULL COMMENT '物流名称',
  `shipping_code` varchar(20) COLLATE utf8_bin DEFAULT NULL COMMENT '物流单号',
  `user_id` varchar(50) COLLATE utf8_bin DEFAULT NULL COMMENT '用户id',
  `buyer_message` varchar(100) COLLATE utf8_bin DEFAULT NULL COMMENT '买家留言',
  `buyer_nick` varchar(50) COLLATE utf8_bin DEFAULT NULL COMMENT '买家昵称',
  `buyer_rate` varchar(2) COLLATE utf8_bin DEFAULT NULL COMMENT '买家是否已经评价',
  `receiver_province` varchar(100) COLLATE utf8_bin DEFAULT NULL COMMENT '收货人地区名称(省，市，县)街道',
  `receiver_city` varchar(12) COLLATE utf8_bin DEFAULT NULL COMMENT '收货人手机',
  `receiver_region` varchar(15) COLLATE utf8_bin DEFAULT NULL COMMENT '收货人邮编',
  `receiver` varchar(50) COLLATE utf8_bin DEFAULT NULL COMMENT '收货人',
  `expire` datetime DEFAULT NULL COMMENT '过期时间，定期清理',
  `invoice_type` varchar(1) COLLATE utf8_bin DEFAULT NULL COMMENT '发票类型(普通发票，电子发票，增值税发票)',
  `source_type` varchar(1) COLLATE utf8_bin DEFAULT NULL COMMENT '订单来源：1:app端，2：pc端，3：M端，4：微信端，5：手机qq端',
  `seller_id` varchar(100) COLLATE utf8_bin DEFAULT NULL COMMENT '商家ID',
  PRIMARY KEY (`order_id`),
  KEY `create_time` (`create_time`),
  KEY `buyer_nick` (`buyer_nick`),
  KEY `status` (`status`),
  KEY `payment_type` (`payment_type`)
) ENGINE=InnoDB DEFAULT CHARSET=utf8 COLLATE=utf8_bin;

/*Data for the table `tb_order_master` */

insert  into `tb_order_master`(`order_id`,`payment`,`payment_type`,`post_fee`,`status`,`create_time`,`update_time`,`payment_time`,`consign_time`,`end_time`,`close_time`,`shipping_name`,`shipping_code`,`user_id`,`buyer_message`,`buyer_nick`,`buyer_rate`,`receiver_province`,`receiver_city`,`receiver_region`,`receiver`,`expire`,`invoice_type`,`source_type`,`seller_id`) values (1,'3.00','1',NULL,'0','2017-08-24 20:42:25','2017-08-24 20:42:25',NULL,NULL,NULL,NULL,NULL,NULL,'lijialong',NULL,NULL,NULL,'610000','610100','610112','李嘉诚',NULL,NULL,NULL,NULL),(2,'3.00','1',NULL,'0','2017-08-24 20:44:03','2017-08-24 20:44:03',NULL,NULL,NULL,NULL,NULL,NULL,'lijialong',NULL,NULL,NULL,'610000','610100','610112','李嘉诚',NULL,NULL,NULL,NULL),(3,'3.00','1',NULL,'0','2017-08-24 20:46:10','2017-08-24 20:46:10',NULL,NULL,NULL,NULL,NULL,NULL,'lijialong',NULL,NULL,NULL,'610000','610100','610112','李嘉诚',NULL,NULL,NULL,NULL),(4,'266.64','1',NULL,'0','2017-08-24 20:46:11','2017-08-24 20:46:11',NULL,NULL,NULL,NULL,NULL,NULL,'lijialong',NULL,NULL,NULL,'610000','610100','610112','李嘉诚',NULL,NULL,NULL,NULL),(5,'299.97','1',NULL,'0','2017-08-24 20:46:11','2017-08-24 20:46:11',NULL,NULL,NULL,NULL,NULL,NULL,'lijialong',NULL,NULL,NULL,'610000','610100','610112','李嘉诚',NULL,NULL,NULL,NULL),(6,'3.00','1',NULL,'0','2017-08-24 20:46:40','2017-08-24 20:46:40',NULL,NULL,NULL,NULL,NULL,NULL,'lijialong',NULL,NULL,NULL,'610000','610100','610112','李嘉诚',NULL,NULL,NULL,NULL),(7,'266.64','1',NULL,'0','2017-08-24 20:46:40','2017-08-24 20:46:40',NULL,NULL,NULL,NULL,NULL,NULL,'lijialong',NULL,NULL,NULL,'610000','610100','610112','李嘉诚',NULL,NULL,NULL,NULL),(8,'299.97','1',NULL,'0','2017-08-24 20:46:40','2017-08-24 20:46:40',NULL,NULL,NULL,NULL,NULL,NULL,'lijialong',NULL,NULL,NULL,'610000','610100','610112','李嘉诚',NULL,NULL,NULL,NULL),(9,'3.00','1',NULL,'0','2017-08-24 21:01:10','2017-08-24 21:01:10',NULL,NULL,NULL,NULL,NULL,NULL,'lijialong',NULL,NULL,NULL,'610000','610100','610112','李嘉诚',NULL,NULL,NULL,NULL),(10,'266.64','1',NULL,'0','2017-08-24 21:01:11','2017-08-24 21:01:11',NULL,NULL,NULL,NULL,NULL,NULL,'lijialong',NULL,NULL,NULL,'610000','610100','610112','李嘉诚',NULL,NULL,NULL,NULL),(11,'299.97','1',NULL,'0','2017-08-24 21:01:11','2017-08-24 21:01:11',NULL,NULL,NULL,NULL,NULL,NULL,'lijialong',NULL,NULL,NULL,'110000','110100','110108','李嘉诚',NULL,NULL,NULL,NULL),(12,'3.00','1',NULL,'0','2017-08-24 21:05:56','2017-08-24 21:05:56',NULL,NULL,NULL,NULL,NULL,NULL,'lijialong',NULL,NULL,NULL,'110000','110100','110108','李嘉诚',NULL,NULL,NULL,NULL),(13,'266.64','1',NULL,'0','2017-08-24 21:05:56','2017-08-24 21:05:56',NULL,NULL,NULL,NULL,NULL,NULL,'lijialong',NULL,NULL,NULL,'110000','110100','110108','李嘉诚',NULL,NULL,NULL,NULL),(14,'299.97','1',NULL,'0','2017-08-24 21:05:56','2017-08-24 21:05:56',NULL,NULL,NULL,NULL,NULL,NULL,'lijialong',NULL,NULL,NULL,'110000','110100','110108','李嘉诚',NULL,NULL,NULL,NULL),(15,'3.00','1',NULL,'0','2017-08-24 23:07:38','2017-08-24 23:07:38',NULL,NULL,NULL,NULL,NULL,NULL,'lijialong',NULL,NULL,NULL,'110000','110100','110108','李嘉诚',NULL,NULL,NULL,NULL),(16,'266.64','1',NULL,'0','2017-08-24 23:07:38','2017-08-24 23:07:38',NULL,NULL,NULL,NULL,NULL,NULL,'lijialong',NULL,NULL,NULL,'110000','110100','110108','李嘉诚',NULL,NULL,NULL,NULL),(17,'299.97','1',NULL,'0','2017-08-24 23:07:38','2017-08-24 23:07:38',NULL,NULL,NULL,NULL,NULL,NULL,'lijialong',NULL,NULL,NULL,'110000','110100','110108','李嘉诚',NULL,NULL,NULL,NULL),(18,'177.76','1',NULL,'1','2017-08-25 11:59:03','2017-08-25 11:59:03',NULL,NULL,NULL,NULL,NULL,NULL,'lijialong',NULL,NULL,NULL,'110000','110100','110108',NULL,NULL,NULL,NULL,'yijia'),(19,'2.00','1',NULL,'1','2017-08-25 11:59:03','2017-08-25 11:59:03',NULL,NULL,NULL,NULL,NULL,NULL,'lijialong',NULL,NULL,NULL,'110000','110100','110108',NULL,NULL,NULL,NULL,'qiandu'),(20,'177.76','1',NULL,'1','2017-08-25 11:59:03','2017-08-25 11:59:03',NULL,NULL,NULL,NULL,NULL,NULL,'lijialong',NULL,NULL,NULL,'110000','110100','110108',NULL,NULL,NULL,NULL,'yijia'),(21,'177.76','1',NULL,'1','2017-08-25 23:26:10','2017-08-25 23:26:10',NULL,NULL,NULL,NULL,NULL,NULL,'lijialong',NULL,NULL,NULL,'110000','110100','110108','李佳星',NULL,NULL,NULL,NULL),(22,'2.00','1',NULL,'1','2017-08-25 23:26:11','2017-08-25 23:26:11',NULL,NULL,NULL,NULL,NULL,NULL,'lijialong',NULL,NULL,NULL,'350000','350100','350100','李佳星',NULL,NULL,NULL,NULL),(23,'177.76','1',NULL,'1','2017-08-25 23:26:11','2017-08-25 23:26:11',NULL,NULL,NULL,NULL,NULL,NULL,'lijialong',NULL,NULL,NULL,'350000','350100','350111','李佳星',NULL,NULL,NULL,NULL),(24,'2.00','1',NULL,'1','2017-08-25 23:28:10','2017-08-25 23:28:10',NULL,NULL,NULL,NULL,NULL,NULL,'lijialong',NULL,NULL,NULL,'350000','350100','350111','李佳星',NULL,NULL,NULL,NULL),(25,'1.00','1',NULL,'1','2017-08-25 23:49:18','2017-08-25 23:49:18',NULL,NULL,NULL,NULL,NULL,NULL,'lijialong',NULL,NULL,NULL,'350000','350100','350111','李佳星',NULL,NULL,NULL,NULL),(26,'0.01','1',NULL,'1','2017-08-26 00:06:31','2017-08-26 00:06:31',NULL,NULL,NULL,NULL,NULL,NULL,'lijialong',NULL,NULL,NULL,'350000','350100','350111','李佳红',NULL,NULL,NULL,NULL),(27,'0.01','1',NULL,'1','2017-08-26 00:10:13','2017-08-26 00:10:13',NULL,NULL,NULL,NULL,NULL,NULL,'lijialong',NULL,NULL,NULL,'350000','350100','350111','李佳星',NULL,NULL,NULL,NULL),(28,'0.01','1',NULL,'1','2017-08-26 00:17:53','2017-08-26 00:17:53',NULL,NULL,NULL,NULL,NULL,NULL,'lijialong',NULL,NULL,NULL,'350000','350100','350111','李佳星',NULL,NULL,NULL,NULL),(29,'0.01','1',NULL,'1','2017-08-26 00:19:56','2017-08-26 00:19:56',NULL,NULL,NULL,NULL,NULL,NULL,'lijialong',NULL,NULL,NULL,'350000','350100','350111','李佳星',NULL,NULL,NULL,NULL),(30,'0.01','1',NULL,'1','2017-08-26 00:37:47','2017-08-26 00:37:47',NULL,NULL,NULL,NULL,NULL,NULL,'lijialong',NULL,NULL,NULL,'350000','350100','350111','李佳星',NULL,NULL,NULL,NULL),(31,'0.02','1',NULL,'1','2017-08-26 00:37:47','2017-08-26 00:37:47',NULL,NULL,NULL,NULL,NULL,NULL,'lijialong',NULL,NULL,NULL,'350000','350100','350111','李佳星',NULL,NULL,NULL,NULL),(32,'0.02','1',NULL,'2','2017-08-26 00:41:13','2017-08-26 00:41:13',NULL,NULL,NULL,NULL,NULL,NULL,'lijialong',NULL,NULL,NULL,'350000','350100','350111','李佳星',NULL,NULL,NULL,NULL),(33,'0.01','1',NULL,'2','2017-08-26 00:41:14','2017-08-26 00:41:14',NULL,NULL,NULL,NULL,NULL,NULL,'lijialong',NULL,NULL,NULL,'350000','350100','350111','李佳星',NULL,NULL,NULL,NULL),(34,'0.01','1',NULL,'1','2017-08-26 11:57:26','2017-08-26 11:57:26',NULL,NULL,NULL,NULL,NULL,NULL,'lijialong',NULL,NULL,NULL,'350000','350100','350111',NULL,NULL,NULL,NULL,'qiandu'),(35,'0.01','1',NULL,'1','2017-08-26 12:21:39','2017-08-26 12:21:39',NULL,NULL,NULL,NULL,NULL,NULL,'lijialong',NULL,NULL,NULL,'350000','350100','350111',NULL,NULL,NULL,NULL,'qiandu'),(36,'0.01','1',NULL,'1','2017-08-26 12:34:46','2017-08-26 12:34:46',NULL,NULL,NULL,NULL,NULL,NULL,'lijialong',NULL,NULL,NULL,'350000','350100','350111',NULL,NULL,NULL,NULL,'qiandu'),(37,'0.01','1',NULL,'2','2017-08-26 12:47:44','2017-08-26 12:47:44',NULL,NULL,NULL,NULL,NULL,NULL,'lijialong',NULL,NULL,NULL,'350000','350100','350111',NULL,NULL,NULL,NULL,'qiandu'),(38,'0.02','1',NULL,'2','2017-08-26 12:47:44','2017-08-26 12:47:44',NULL,NULL,NULL,NULL,NULL,NULL,'lijialong',NULL,NULL,NULL,'350000','350100','350111',NULL,NULL,NULL,NULL,'yijia'),(918159799198212096,'400.00','1',NULL,'1','2017-10-12 01:02:09','2017-10-12 01:02:09',NULL,NULL,NULL,NULL,NULL,NULL,'lijialong',NULL,NULL,NULL,'350000','350100','350111','叶问',NULL,NULL,NULL,'qiandu'),(918334996291301376,'2004.00','2',NULL,'1','2017-10-12 12:38:19','2017-10-12 12:38:19',NULL,NULL,NULL,NULL,NULL,NULL,'lijialong',NULL,NULL,NULL,'350000','350100','350111','李小龙',NULL,NULL,'2','qiandu'),(918334996698148864,'1798.00','2',NULL,'1','2017-10-12 12:38:19','2017-10-12 12:38:19',NULL,NULL,NULL,NULL,NULL,NULL,'lijialong',NULL,NULL,NULL,'350000','350100','350111','李小龙',NULL,NULL,'2','yijia'),(918773289399160832,'200.00','1',NULL,'1','2017-10-13 17:39:56','2017-10-13 17:39:56',NULL,NULL,NULL,NULL,NULL,NULL,'lijialong',NULL,NULL,NULL,'350000','350100','350111','李小龙',NULL,NULL,NULL,'qiandu'),(918780408353546240,'0.01','1',NULL,'2','2017-10-13 18:08:14','2017-10-13 18:08:14',NULL,NULL,NULL,NULL,NULL,NULL,'lijialong',NULL,NULL,NULL,'350000','350100','350111','李小龙',NULL,NULL,NULL,'qiandu'),(918806410454654976,'0.01','1',NULL,'2','2017-10-13 19:51:33','2017-10-13 19:51:33',NULL,NULL,NULL,NULL,NULL,NULL,'lijialong',NULL,NULL,NULL,'350000','350100','350111','李佳星',NULL,NULL,NULL,'qiandu'),(918833485639081984,'0.01','1',NULL,'1','2017-10-13 21:39:08','2017-10-13 21:39:08',NULL,NULL,NULL,NULL,NULL,NULL,'lijialong',NULL,NULL,NULL,'350000','350100','350111','李佳星',NULL,NULL,NULL,'qiandu'),(918835712441212928,'0.01','1',NULL,'2','2017-10-13 21:47:59','2017-10-13 21:47:59',NULL,NULL,NULL,NULL,NULL,NULL,'lijialong',NULL,NULL,NULL,'110000','110100','110108','李佳星',NULL,NULL,NULL,'qiandu'),(919055624854081536,'0.01','1',NULL,'1','2017-10-14 12:21:50','2017-10-14 12:21:50',NULL,NULL,NULL,NULL,NULL,NULL,'lijialong',NULL,NULL,NULL,'110000','110100','110108','李佳星',NULL,NULL,'2','qiandu'),(919059760869863424,'0.02','1',NULL,'2','2017-10-14 12:38:16','2017-10-14 12:38:16',NULL,NULL,NULL,NULL,NULL,NULL,'lijialong',NULL,NULL,NULL,'110000','110100','110108','李嘉诚',NULL,NULL,'2','qiandu'),(992190237968957440,'0.17','1',NULL,'1','2018-05-04 07:52:41','2018-05-04 07:52:41',NULL,NULL,NULL,NULL,NULL,NULL,'java18',NULL,NULL,NULL,'110000','110100','110108','叶问',NULL,NULL,'2',NULL),(992190947183820800,'0.02','1',NULL,'1','2018-05-04 07:55:30','2018-05-04 07:55:30',NULL,NULL,NULL,NULL,NULL,NULL,'java18',NULL,NULL,NULL,'110000','110100','110108','叶问',NULL,NULL,'2',NULL),(992191916919488512,'0.01','1',NULL,'1','2018-05-04 07:59:21','2018-05-04 07:59:21',NULL,NULL,NULL,NULL,NULL,NULL,'java18',NULL,NULL,NULL,'110000','110100','110108','叶问',NULL,NULL,'2',NULL),(992192064319913984,'0.01','1',NULL,'1','2018-05-04 07:59:56','2018-05-04 07:59:56',NULL,NULL,NULL,NULL,NULL,NULL,'java18',NULL,NULL,NULL,'110000','110100','110108','叶问',NULL,NULL,'2',NULL),(992193598722146304,'0.01','1',NULL,'1','2018-05-04 08:06:02','2018-05-04 08:06:02',NULL,NULL,NULL,NULL,NULL,NULL,'java18',NULL,NULL,NULL,'110000','110100','110108','叶问',NULL,NULL,'2',NULL),(992194631628226560,'0.01','1',NULL,'1','2018-05-04 08:10:08','2018-05-04 08:10:08',NULL,NULL,NULL,NULL,NULL,NULL,'java18',NULL,NULL,NULL,'110000','110100','110108','叶问',NULL,NULL,'2',NULL),(992195664538501120,'0.01','1',NULL,'1','2018-05-04 08:14:15','2018-05-04 08:14:15',NULL,NULL,NULL,NULL,NULL,NULL,'java18',NULL,NULL,NULL,'110000','110100','110108','叶问',NULL,NULL,'2',NULL),(992196116772552704,'0.01','1',NULL,'1','2018-05-04 08:16:03','2018-05-04 08:16:03',NULL,NULL,NULL,NULL,NULL,NULL,'java18',NULL,NULL,NULL,'110000','110100','110108','叶问',NULL,NULL,'2',NULL),(992196968627306496,'0.01','1',NULL,'1','2018-05-04 08:19:26','2018-05-04 08:19:26',NULL,NULL,NULL,NULL,NULL,NULL,'java18',NULL,NULL,NULL,'110000','110100','110108','叶问',NULL,NULL,'2',NULL),(992197105567137792,'0.01','1',NULL,'1','2018-05-04 08:19:58','2018-05-04 08:19:58',NULL,NULL,NULL,NULL,NULL,NULL,'java18',NULL,NULL,NULL,'110000','110100','110108','叶问',NULL,NULL,'2',NULL),(992197263067447296,'0.01','1',NULL,'1','2018-05-04 08:20:36','2018-05-04 08:20:36',NULL,NULL,NULL,NULL,NULL,NULL,'java18',NULL,NULL,NULL,'110000','110100','110108','叶问',NULL,NULL,'2',NULL),(992554565456887808,'0.02','1',NULL,'1','2018-05-05 08:00:23','2018-05-05 08:00:23',NULL,NULL,NULL,NULL,NULL,NULL,'java18',NULL,NULL,NULL,'110000','110100','110108','叶问',NULL,NULL,'2',NULL),(992571196308455424,'0.02','1',NULL,'1','2018-05-05 09:06:28','2018-05-05 09:06:28',NULL,NULL,NULL,NULL,NULL,NULL,'java18',NULL,NULL,NULL,'110000','110100','110108','叶问',NULL,NULL,'2',NULL),(992578873906429952,'0.01','1',NULL,'1','2018-05-05 09:36:59','2018-05-05 09:36:59',NULL,NULL,NULL,NULL,NULL,NULL,'java18',NULL,NULL,NULL,'110000','110100','110108','叶问',NULL,NULL,'2',NULL),(992605539282190336,'0.03','1',NULL,'1','2018-05-05 11:22:56','2018-05-05 11:22:56',NULL,NULL,NULL,NULL,NULL,NULL,'java18',NULL,NULL,NULL,'110000','110100','110108','叶问',NULL,NULL,'2',NULL),(1014520479974686720,'210979.00','1',NULL,'1','2018-07-04 22:45:05','2018-07-04 22:45:05',NULL,NULL,NULL,NULL,NULL,NULL,'java20',NULL,NULL,NULL,'110000','110100','110108','叶问',NULL,NULL,'2',NULL),(1014521147812741120,'30997.00','1',NULL,'1','2018-07-04 22:47:45','2018-07-04 22:47:45',NULL,NULL,NULL,NULL,NULL,NULL,'java20',NULL,NULL,NULL,'110000','110100','110108','叶问',NULL,NULL,'2',NULL),(1014662090394173440,'210979.00','1',NULL,'1','2018-07-05 08:07:48','2018-07-05 08:07:48',NULL,NULL,NULL,NULL,NULL,NULL,'java20',NULL,NULL,NULL,'110000','110100','110108','叶问',NULL,NULL,'2',NULL),(1014662230521675776,'10999.00','1',NULL,'1','2018-07-05 08:08:21','2018-07-05 08:08:21',NULL,NULL,NULL,NULL,NULL,NULL,'java20',NULL,NULL,NULL,'110000','110100','110108','叶问',NULL,NULL,'2',NULL),(1014758767025192960,'9999.00','1',NULL,'1','2018-07-05 14:31:58','2018-07-05 14:31:58',NULL,NULL,NULL,NULL,NULL,NULL,'java20',NULL,NULL,NULL,'110000','110100','110108','叶问',NULL,NULL,'2',NULL),(1014759021959184384,'9999.00','1',NULL,'1','2018-07-05 14:32:58','2018-07-05 14:32:58',NULL,NULL,NULL,NULL,NULL,NULL,'java20',NULL,NULL,NULL,'110000','110100','110108','叶问',NULL,NULL,'2',NULL),(1014766375664615424,'40996.00','1',NULL,'1','2018-07-05 15:02:12','2018-07-05 15:02:12',NULL,NULL,NULL,NULL,NULL,NULL,'java20',NULL,NULL,NULL,'110000','110100','110108','叶问',NULL,NULL,'2',NULL),(1014767824171696128,'41996.00','1',NULL,'1','2018-07-05 15:07:57','2018-07-05 15:07:57',NULL,NULL,NULL,NULL,NULL,NULL,'java20',NULL,NULL,NULL,'110000','110100','110108','叶问',NULL,NULL,'2',NULL),(1014768969367683072,'62994.00','1',NULL,'1','2018-07-05 15:12:30','2018-07-05 15:12:30',NULL,NULL,NULL,NULL,NULL,NULL,'java20',NULL,NULL,NULL,'110000','110100','110108','叶问',NULL,NULL,'2',NULL),(1105055661751795712,'9999.00','1',NULL,'1','2019-03-11 18:39:35','2019-03-11 18:39:35',NULL,NULL,NULL,NULL,NULL,NULL,'java34',NULL,NULL,NULL,'110000','110100','110108','叶问',NULL,NULL,'2','alibaba'),(1149692937240576000,'0.03','1',NULL,'1','2019-07-12 22:52:11','2019-07-12 22:52:11',NULL,NULL,NULL,NULL,NULL,NULL,'deng',NULL,NULL,NULL,'110000','110100','110108','叶问',NULL,NULL,'2','qiandu');

/*Table structure for table `tb_order_pay_log` */

DROP TABLE IF EXISTS `tb_order_pay_log`;

CREATE TABLE `tb_order_pay_log` (
  `out_trade_no` varchar(30) NOT NULL COMMENT '支付订单号',
  `create_time` datetime DEFAULT NULL COMMENT '创建日期',
  `pay_time` datetime DEFAULT NULL COMMENT '支付完成时间',
  `total_fee` bigint(20) DEFAULT NULL COMMENT '支付金额（分）',
  `user_id` varchar(50) DEFAULT NULL COMMENT '用户ID',
  `transaction_id` varchar(30) DEFAULT NULL COMMENT '交易号码',
  `trade_state` varchar(1) DEFAULT NULL COMMENT '交易状态',
  `order_list` varchar(200) DEFAULT NULL COMMENT '订单编号列表',
  `pay_type` varchar(1) DEFAULT NULL COMMENT '支付类型',
  PRIMARY KEY (`out_trade_no`)
) ENGINE=InnoDB DEFAULT CHARSET=utf8;

/*Data for the table `tb_order_pay_log` */

insert  into `tb_order_pay_log`(`out_trade_no`,`create_time`,`pay_time`,`total_fee`,`user_id`,`transaction_id`,`trade_state`,`order_list`,`pay_type`) values ('1014520480276676608','2018-07-04 22:45:06',NULL,21097900,'java20',NULL,'0','1014520479974686720','1'),('1014521147837906944','2018-07-04 22:47:45',NULL,3099700,'java20',NULL,'0','1014521147812741120','1'),('1014662090717134848','2018-07-05 08:07:48',NULL,21097900,'java20',NULL,'0','1014662090394173440','1'),('1014662230546841600','2018-07-05 08:08:21',NULL,1099900,'java20',NULL,'0','1014662230521675776','1'),('1014758767050358784','2018-07-05 14:31:58',NULL,999900,'java20',NULL,'0','1014758767025192960','1'),('1014759021980155904','2018-07-05 14:32:58',NULL,999900,'java20',NULL,'0','1014759021959184384','1'),('1014766375954022400','2018-07-05 15:02:12',NULL,4099600,'java20',NULL,'0','1014766375664615424','1'),('1014767824196861952','2018-07-05 15:07:57',NULL,4199600,'java20',NULL,'0','1014767824171696128','1'),('1014768969397043200','2018-07-05 15:12:30',NULL,6299400,'java20',NULL,'0','1014768969367683072','1'),('1105055662091534336','2019-03-11 18:39:35',NULL,999900,'java34',NULL,'0','1105055661751795712','1'),('1149692937651617792','2019-07-12 22:52:11',NULL,3,'deng',NULL,'0','1149692937240576000','1'),('201708261157265358046058','2017-08-26 11:57:26',NULL,1,'lijialong',NULL,'0','34','1'),('201708261221397410698125','2017-08-26 12:21:39',NULL,1,'lijialong',NULL,'0','35','1'),('201708261234474784646997','2017-08-26 12:34:47',NULL,1,'lijialong',NULL,'0','36','1'),('201708261247443132289031','2017-08-26 12:47:44','2017-08-26 12:48:22',3,'lijialong','4009852001201708268336481082','1','37,38','1'),('918773291320152064','2017-10-13 17:39:57',NULL,20000,'lijialong','4009852001201708268336481082','1','918773289399160832,918773289399160833','1'),('918780410236788736','2017-10-13 18:08:14','2017-10-13 18:09:36',1,'lijialong','4200000028201710137833806033','1','918780408353546240','1'),('918806410983137280','2017-10-13 19:51:33','2017-10-13 19:51:47',1,'lijialong','4200000013201710137859270000','1','918806410454654976','1'),('918833486129815552','2017-10-13 21:39:08',NULL,1,'lijialong',NULL,'0','918833485639081984','1'),('918835712999055360','2017-10-13 21:47:59','2017-10-13 21:49:28',1,'lijialong','4200000018201710137883338612','1','918835712441212928','1'),('919055625042825216','2017-10-14 12:21:50',NULL,1,NULL,NULL,'0','919055624854081536','1'),('919059761058607104','2017-10-14 12:38:16','2017-10-14 12:38:24',2,'lijialong','4200000005201710147980202916','1','919059760869863424','1'),('992193599003164672','2018-05-04 08:06:02',NULL,1,'java18',NULL,'0','992193598722146304','1'),('992194631653392384','2018-05-04 08:10:08',NULL,1,'java18',NULL,'0','992194631628226560','1'),('992195664563666944','2018-05-04 08:14:15',NULL,1,'java18',NULL,'0','992195664538501120','1'),('992196116789329920','2018-05-04 08:16:03',NULL,1,'java18',NULL,'0','992196116772552704','1'),('992196968644083712','2018-05-04 08:19:26',NULL,1,'java18',NULL,'0','992196968627306496','1'),('992197105592303616','2018-05-04 08:19:58',NULL,1,'java18',NULL,'0','992197105567137792','1'),('992197263084224512','2018-05-04 08:20:36',NULL,1,'java18',NULL,'0','992197263067447296','1'),('992554565930844160','2018-05-05 08:00:23',NULL,2,'java18',NULL,'0','992554565456887808','1'),('992571196350398464','2018-05-05 09:06:28',NULL,2,'java18',NULL,'0','992571196308455424','1'),('992578874250362880','2018-05-05 09:36:59',NULL,1,'java18',NULL,'0','992578873906429952','1'),('992605539315744768','2018-05-05 11:22:56',NULL,3,'java18',NULL,'0','992605539282190336','1');

/*!40101 SET SQL_MODE=@OLD_SQL_MODE */;
/*!40014 SET FOREIGN_KEY_CHECKS=@OLD_FOREIGN_KEY_CHECKS */;
/*!40014 SET UNIQUE_CHECKS=@OLD_UNIQUE_CHECKS */;
/*!40111 SET SQL_NOTES=@OLD_SQL_NOTES */;
